task,model,subject,session,accuracy,balanced_accuracy,f1_score,kappa,loss,n_subjects,loso_acc_mean,loso_acc_std,loso_balacc_mean,loso_f1_mean,loso_kappa_mean
semantic_category,Deep4Net,01,01,0.175,0.175,0.076905,0.01,-205.84863,14,0.174306,0.005768,0.174306,0.073174,0.009167
semantic_category,Deep4Net,02,01,0.175,0.175,0.08497,0.01,-6919.53654,14,0.174306,0.005768,0.174306,0.073174,0.009167
semantic_category,Deep4Net,03,01,0.183333,0.183333,0.116855,0.02,-417.378952,14,0.174306,0.005768,0.174306,0.073174,0.009167
semantic_category,Deep4Net,04,01,0.166667,0.166667,0.047619,0.0,-257.011648,14,0.174306,0.005768,0.174306,0.073174,0.009167
semantic_category,Deep4Net,04,02,0.166667,0.166667,0.047619,0.0,-211.838402,14,0.174306,0.005768,0.174306,0.073174,0.009167
semantic_category,Deep4Net,05,01,0.177778,0.177778,0.082372,0.013333,-268.518448,14,0.174306,0.005768,0.174306,0.073174,0.009167
semantic_category,Deep4Net,05,02,0.166667,0.166667,0.078118,0.0,-346.720662,14,0.174306,0.005768,0.174306,0.073174,0.009167
semantic_category,Deep4Net,06,01,0.175,0.175,0.072675,0.01,-13894.431641,14,0.174306,0.005768,0.174306,0.073174,0.009167
semantic_category,Deep4Net,07,01,0.169444,0.169444,0.057605,0.003333,-168.004425,14,0.174306,0.005768,0.174306,0.073174,0.009167
semantic_category,Deep4Net,08,01,0.177778,0.177778,0.082415,0.013333,-15346.698568,14,0.174306,0.005768,0.174306,0.073174,0.009167
semantic_category,Deep4Net,09,01,0.166667,0.166667,0.047619,0.0,-299.487834,14,0.174306,0.005768,0.174306,0.073174,0.009167
semantic_category,Deep4Net,09,02,0.166667,0.166667,0.047619,0.0,-384.847295,14,0.174306,0.005768,0.174306,0.073174,0.009167
semantic_category,Deep4Net,10,01,0.183333,0.183333,0.082401,0.02,-1630.045715,14,0.174306,0.005768,0.174306,0.073174,0.009167
semantic_category,Deep4Net,11,01,0.180556,0.180556,0.086423,0.016667,-7968.49235,14,0.174306,0.005768,0.174306,0.073174,0.009167
semantic_category,Deep4Net,12,01,0.177778,0.177778,0.086691,0.013333,-4138.573853,14,0.174306,0.005768,0.174306,0.073174,0.009167
semantic_category,Deep4Net,12,02,0.180556,0.180556,0.088985,0.016667,-4150.033407,14,0.174306,0.005768,0.174306,0.073174,0.009167
semantic_category,Deep4Net,13,01,0.169444,0.169444,0.053253,0.003333,-160.70946,14,0.174306,0.005768,0.174306,0.073174,0.009167
semantic_category,Deep4Net,13,02,0.169444,0.169444,0.053253,0.003333,-164.01914,14,0.174306,0.005768,0.174306,0.073174,0.009167
semantic_category,Deep4Net,14,01,0.166667,0.166667,0.047619,0.0,-248.962626,14,0.174306,0.005768,0.174306,0.073174,0.009167
semantic_category,EEGConformer,01,01,0.166667,0.166667,0.047619,0.0,-6888089.916667,14,0.166667,0.0,0.166667,0.047619,0.0
semantic_category,EEGConformer,02,01,0.166667,0.166667,0.047619,0.0,-6592841.25,14,0.166667,0.0,0.166667,0.047619,0.0
semantic_category,EEGConformer,03,01,0.166667,0.166667,0.047619,0.0,-6655373.916667,14,0.166667,0.0,0.166667,0.047619,0.0
semantic_category,EEGConformer,04,01,0.166667,0.166667,0.047619,0.0,-4126044.791667,14,0.166667,0.0,0.166667,0.047619,0.0
semantic_category,EEGConformer,04,02,0.166667,0.166667,0.047619,0.0,-4126924.333333,14,0.166667,0.0,0.166667,0.047619,0.0
semantic_category,EEGConformer,05,01,0.166667,0.166667,0.047619,0.0,-4152313.333333,14,0.166667,0.0,0.166667,0.047619,0.0
semantic_category,EEGConformer,05,02,0.166667,0.166667,0.047619,0.0,-4155006.791667,14,0.166667,0.0,0.166667,0.047619,0.0
semantic_category,EEGConformer,06,01,0.166667,0.166667,0.047619,0.0,-6829032.833333,14,0.166667,0.0,0.166667,0.047619,0.0
semantic_category,EEGConformer,07,01,0.166667,0.166667,0.047619,0.0,-6756597.666667,14,0.166667,0.0,0.166667,0.047619,0.0
semantic_category,EEGConformer,08,01,0.166667,0.166667,0.047619,0.0,-6600877.5,14,0.166667,0.0,0.166667,0.047619,0.0
semantic_category,EEGConformer,09,01,0.166667,0.166667,0.047619,0.0,-4174359.791667,14,0.166667,0.0,0.166667,0.047619,0.0
semantic_category,EEGConformer,09,02,0.166667,0.166667,0.047619,0.0,-4173435.125,14,0.166667,0.0,0.166667,0.047619,0.0
semantic_category,EEGConformer,10,01,0.166667,0.166667,0.047619,0.0,-6924753.416667,14,0.166667,0.0,0.166667,0.047619,0.0
semantic_category,EEGConformer,11,01,0.166667,0.166667,0.047619,0.0,-6759938.916667,14,0.166667,0.0,0.166667,0.047619,0.0
semantic_category,EEGConformer,12,01,0.166667,0.166667,0.047619,0.0,-4433063.25,14,0.166667,0.0,0.166667,0.047619,0.0
semantic_category,EEGConformer,12,02,0.166667,0.166667,0.047619,0.0,-4433513.583333,14,0.166667,0.0,0.166667,0.047619,0.0
semantic_category,EEGConformer,13,01,0.166667,0.166667,0.047619,0.0,-4666867.0,14,0.166667,0.0,0.166667,0.047619,0.0
semantic_category,EEGConformer,13,02,0.166667,0.166667,0.047619,0.0,-4665687.083333,14,0.166667,0.0,0.166667,0.047619,0.0
semantic_category,EEGConformer,14,01,0.166667,0.166667,0.047619,0.0,-6911601.083333,14,0.166667,0.0,0.166667,0.047619,0.0
semantic_category,EEGMamba,01,01,0.194444,0.194444,0.169254,0.033333,1.954738,14,0.193353,0.013334,0.193353,0.149507,0.032024
semantic_category,EEGMamba,02,01,0.197222,0.197222,0.163502,0.036667,2.220695,14,0.193353,0.013334,0.193353,0.149507,0.032024
semantic_category,EEGMamba,03,01,0.211111,0.211111,0.210489,0.053333,7.540211,14,0.193353,0.013334,0.193353,0.149507,0.032024
semantic_category,EEGMamba,04,01,0.177778,0.177778,0.106327,0.013333,1.805535,14,0.193353,0.013334,0.193353,0.149507,0.032024
semantic_category,EEGMamba,04,02,0.211111,0.211111,0.132088,0.053333,1.793208,14,0.193353,0.013334,0.193353,0.149507,0.032024
semantic_category,EEGMamba,05,01,0.166667,0.166667,0.047619,0.0,1.802652,14,0.193353,0.013334,0.193353,0.149507,0.032024
semantic_category,EEGMamba,05,02,0.166667,0.166667,0.047619,0.0,1.801856,14,0.193353,0.013334,0.193353,0.149507,0.032024
semantic_category,EEGMamba,06,01,0.180556,0.180556,0.079348,0.016667,1.858228,14,0.193353,0.013334,0.193353,0.149507,0.032024
semantic_category,EEGMamba,07,01,0.208333,0.208333,0.184658,0.05,1.833444,14,0.193353,0.013334,0.193353,0.149507,0.032024
semantic_category,EEGMamba,08,01,0.208333,0.208333,0.202776,0.05,4.84384,14,0.193353,0.013334,0.193353,0.149507,0.032024
semantic_category,EEGMamba,09,01,0.194444,0.194444,0.129904,0.033333,1.794877,14,0.193353,0.013334,0.193353,0.149507,0.032024
semantic_category,EEGMamba,09,02,0.175,0.175,0.135344,0.01,1.798905,14,0.193353,0.013334,0.193353,0.149507,0.032024
semantic_category,EEGMamba,10,01,0.213889,0.213889,0.213365,0.056667,5.415919,14,0.193353,0.013334,0.193353,0.149507,0.032024
semantic_category,EEGMamba,11,01,0.191667,0.191667,0.141855,0.03,1.793652,14,0.193353,0.013334,0.193353,0.149507,0.032024
semantic_category,EEGMamba,12,01,0.183333,0.183333,0.077352,0.02,1.796909,14,0.193353,0.013334,0.193353,0.149507,0.032024
semantic_category,EEGMamba,12,02,0.175,0.175,0.065674,0.01,1.797608,14,0.193353,0.013334,0.193353,0.149507,0.032024
semantic_category,EEGMamba,13,01,0.177778,0.177778,0.165744,0.013333,1.929071,14,0.193353,0.013334,0.193353,0.149507,0.032024
semantic_category,EEGMamba,13,02,0.186111,0.186111,0.162711,0.023333,1.899256,14,0.193353,0.013334,0.193353,0.149507,0.032024
semantic_category,EEGMamba,14,01,0.194444,0.194444,0.192659,0.033333,2.986573,14,0.193353,0.013334,0.193353,0.149507,0.032024
semantic_category,EEGNetv4,01,01,0.208333,0.208333,0.204177,0.05,1.792754,14,0.198909,0.015715,0.198909,0.185733,0.03869
semantic_category,EEGNetv4,02,01,0.177778,0.177778,0.156822,0.013333,1.791296,14,0.198909,0.015715,0.198909,0.185733,0.03869
semantic_category,EEGNetv4,03,01,0.186111,0.186111,0.180337,0.023333,1.794208,14,0.198909,0.015715,0.198909,0.185733,0.03869
semantic_category,EEGNetv4,04,01,0.211111,0.211111,0.210832,0.053333,1.830824,14,0.198909,0.015715,0.198909,0.185733,0.03869
semantic_category,EEGNetv4,04,02,0.183333,0.183333,0.180663,0.02,1.847681,14,0.198909,0.015715,0.198909,0.185733,0.03869
semantic_category,EEGNetv4,05,01,0.166667,0.166667,0.164401,0.0,1.805513,14,0.198909,0.015715,0.198909,0.185733,0.03869
semantic_category,EEGNetv4,05,02,0.183333,0.183333,0.180872,0.02,1.788801,14,0.198909,0.015715,0.198909,0.185733,0.03869
semantic_category,EEGNetv4,06,01,0.186111,0.186111,0.164583,0.023333,1.793574,14,0.198909,0.015715,0.198909,0.185733,0.03869
semantic_category,EEGNetv4,07,01,0.177778,0.177778,0.169431,0.013333,1.816321,14,0.198909,0.015715,0.198909,0.185733,0.03869
semantic_category,EEGNetv4,08,01,0.216667,0.216667,0.176444,0.06,1.788941,14,0.198909,0.015715,0.198909,0.185733,0.03869
semantic_category,EEGNetv4,09,01,0.219444,0.219444,0.217584,0.063333,1.77511,14,0.198909,0.015715,0.198909,0.185733,0.03869
semantic_category,EEGNetv4,09,02,0.216667,0.216667,0.215941,0.06,1.813523,14,0.198909,0.015715,0.198909,0.185733,0.03869
semantic_category,EEGNetv4,10,01,0.219444,0.219444,0.2183,0.063333,1.81091,14,0.198909,0.015715,0.198909,0.185733,0.03869
semantic_category,EEGNetv4,11,01,0.213889,0.213889,0.17391,0.056667,1.789388,14,0.198909,0.015715,0.198909,0.185733,0.03869
semantic_category,EEGNetv4,12,01,0.219444,0.219444,0.194744,0.063333,1.790003,14,0.198909,0.015715,0.198909,0.185733,0.03869
semantic_category,EEGNetv4,12,02,0.208333,0.208333,0.176088,0.05,1.790875,14,0.198909,0.015715,0.198909,0.185733,0.03869
semantic_category,EEGNetv4,13,01,0.211111,0.211111,0.208462,0.053333,1.803965,14,0.198909,0.015715,0.198909,0.185733,0.03869
semantic_category,EEGNetv4,13,02,0.188889,0.188889,0.180173,0.026667,1.789717,14,0.198909,0.015715,0.198909,0.185733,0.03869
semantic_category,EEGNetv4,14,01,0.194444,0.194444,0.191376,0.033333,1.784724,14,0.198909,0.015715,0.198909,0.185733,0.03869
semantic_category,LaBraM,01,01,0.166667,0.166667,0.047619,0.0,1.800687,14,0.169544,0.005567,0.169544,0.055945,0.003452
semantic_category,LaBraM,02,01,0.166667,0.166667,0.047619,0.0,1.795754,14,0.169544,0.005567,0.169544,0.055945,0.003452
semantic_category,LaBraM,03,01,0.166667,0.166667,0.047619,0.0,1.793757,14,0.169544,0.005567,0.169544,0.055945,0.003452
semantic_category,LaBraM,04,01,0.166667,0.166667,0.047619,0.0,1.798173,14,0.169544,0.005567,0.169544,0.055945,0.003452
semantic_category,LaBraM,04,02,0.166667,0.166667,0.047619,0.0,1.798675,14,0.169544,0.005567,0.169544,0.055945,0.003452
semantic_category,LaBraM,05,01,0.166667,0.166667,0.047619,0.0,1.794776,14,0.169544,0.005567,0.169544,0.055945,0.003452
semantic_category,LaBraM,05,02,0.166667,0.166667,0.047619,0.0,1.793899,14,0.169544,0.005567,0.169544,0.055945,0.003452
semantic_category,LaBraM,06,01,0.166667,0.166667,0.047619,0.0,1.796023,14,0.169544,0.005567,0.169544,0.055945,0.003452
semantic_category,LaBraM,07,01,0.172222,0.172222,0.079206,0.006667,1.793091,14,0.169544,0.005567,0.169544,0.055945,0.003452
semantic_category,LaBraM,08,01,0.166667,0.166667,0.047619,0.0,1.799076,14,0.169544,0.005567,0.169544,0.055945,0.003452
semantic_category,LaBraM,09,01,0.166667,0.166667,0.047619,0.0,1.795652,14,0.169544,0.005567,0.169544,0.055945,0.003452
semantic_category,LaBraM,09,02,0.166667,0.166667,0.047619,0.0,1.795447,14,0.169544,0.005567,0.169544,0.055945,0.003452
semantic_category,LaBraM,10,01,0.166667,0.166667,0.047619,0.0,1.797034,14,0.169544,0.005567,0.169544,0.055945,0.003452
semantic_category,LaBraM,11,01,0.186111,0.186111,0.093565,0.023333,1.792323,14,0.169544,0.005567,0.169544,0.055945,0.003452
semantic_category,LaBraM,12,01,0.166667,0.166667,0.047619,0.0,1.792145,14,0.169544,0.005567,0.169544,0.055945,0.003452
semantic_category,LaBraM,12,02,0.166667,0.166667,0.047619,0.0,1.792258,14,0.169544,0.005567,0.169544,0.055945,0.003452
semantic_category,LaBraM,13,01,0.166667,0.166667,0.056645,0.0,1.79187,14,0.169544,0.005567,0.169544,0.055945,0.003452
semantic_category,LaBraM,13,02,0.175,0.175,0.062615,0.01,1.791707,14,0.169544,0.005567,0.169544,0.055945,0.003452
semantic_category,LaBraM,14,01,0.177778,0.177778,0.074644,0.013333,1.791783,14,0.169544,0.005567,0.169544,0.055945,0.003452
semantic_category,ShallowFBCSPNet,01,01,0.177778,0.177778,0.101634,0.013333,-424.818059,14,0.177282,0.009222,0.177282,0.093424,0.012738
semantic_category,ShallowFBCSPNet,02,01,0.188889,0.188889,0.110753,0.026667,-559.145813,14,0.177282,0.009222,0.177282,0.093424,0.012738
semantic_category,ShallowFBCSPNet,03,01,0.175,0.175,0.074107,0.01,-1330.444336,14,0.177282,0.009222,0.177282,0.093424,0.012738
semantic_category,ShallowFBCSPNet,04,01,0.166667,0.166667,0.125346,0.0,-128.105126,14,0.177282,0.009222,0.177282,0.093424,0.012738
semantic_category,ShallowFBCSPNet,04,02,0.175,0.175,0.158797,0.01,-16.061423,14,0.177282,0.009222,0.177282,0.093424,0.012738
semantic_category,ShallowFBCSPNet,05,01,0.188889,0.188889,0.128415,0.026667,-474.316218,14,0.177282,0.009222,0.177282,0.093424,0.012738
semantic_category,ShallowFBCSPNet,05,02,0.169444,0.169444,0.083529,0.003333,-759.417165,14,0.177282,0.009222,0.177282,0.093424,0.012738
semantic_category,ShallowFBCSPNet,06,01,0.186111,0.186111,0.181003,0.023333,-10.67343,14,0.177282,0.009222,0.177282,0.093424,0.012738
semantic_category,ShallowFBCSPNet,07,01,0.197222,0.197222,0.127706,0.036667,-369.629166,14,0.177282,0.009222,0.177282,0.093424,0.012738
semantic_category,ShallowFBCSPNet,08,01,0.169444,0.169444,0.063484,0.003333,-2295.874552,14,0.177282,0.009222,0.177282,0.093424,0.012738
semantic_category,ShallowFBCSPNet,09,01,0.194444,0.194444,0.133545,0.033333,-508.6377,14,0.177282,0.009222,0.177282,0.093424,0.012738
semantic_category,ShallowFBCSPNet,09,02,0.183333,0.183333,0.07876,0.02,-1704.551514,14,0.177282,0.009222,0.177282,0.093424,0.012738
semantic_category,ShallowFBCSPNet,10,01,0.166667,0.166667,0.047619,0.0,-1981.00116,14,0.177282,0.009222,0.177282,0.093424,0.012738
semantic_category,ShallowFBCSPNet,11,01,0.169444,0.169444,0.0536,0.003333,-267.569122,14,0.177282,0.009222,0.177282,0.093424,0.012738
semantic_category,ShallowFBCSPNet,12,01,0.166667,0.166667,0.047619,0.0,-271.451492,14,0.177282,0.009222,0.177282,0.093424,0.012738
semantic_category,ShallowFBCSPNet,12,02,0.166667,0.166667,0.047619,0.0,-262.554174,14,0.177282,0.009222,0.177282,0.093424,0.012738
semantic_category,ShallowFBCSPNet,13,01,0.169444,0.169444,0.061199,0.003333,-266.420542,14,0.177282,0.009222,0.177282,0.093424,0.012738
semantic_category,ShallowFBCSPNet,13,02,0.172222,0.172222,0.058324,0.006667,-294.594401,14,0.177282,0.009222,0.177282,0.093424,0.012738
semantic_category,ShallowFBCSPNet,14,01,0.175,0.175,0.086458,0.01,-1034.098785,14,0.177282,0.009222,0.177282,0.093424,0.012738
speech_mode,Deep4Net,01,01,0.335948,0.335948,0.179151,0.003922,-8743.537679,14,0.343557,0.011282,0.343557,0.229462,0.015336
speech_mode,Deep4Net,02,01,0.345098,0.345098,0.276239,0.017647,-161896.296875,14,0.343557,0.011282,0.343557,0.229462,0.015336
speech_mode,Deep4Net,03,01,0.346405,0.346405,0.23021,0.019608,-20852.548503,14,0.343557,0.011282,0.343557,0.229462,0.015336
speech_mode,Deep4Net,04,01,0.350327,0.350327,0.257176,0.02549,-8098.363973,14,0.343557,0.011282,0.343557,0.229462,0.015336
speech_mode,Deep4Net,04,02,0.338562,0.338562,0.260151,0.007843,-7444.915609,14,0.343557,0.011282,0.343557,0.229462,0.015336
speech_mode,Deep4Net,05,01,0.333333,0.333333,0.166667,0.0,-2683.722168,14,0.343557,0.011282,0.343557,0.229462,0.015336
speech_mode,Deep4Net,05,02,0.333333,0.333333,0.166667,0.0,-2648.389038,14,0.343557,0.011282,0.343557,0.229462,0.015336
speech_mode,Deep4Net,06,01,0.339869,0.339869,0.226492,0.009804,-8375.084229,14,0.343557,0.011282,0.343557,0.229462,0.015336
speech_mode,Deep4Net,07,01,0.333333,0.333333,0.166667,0.0,-328.339264,14,0.343557,0.011282,0.343557,0.229462,0.015336
speech_mode,Deep4Net,08,01,0.362092,0.362092,0.289514,0.043137,-51369.473633,14,0.343557,0.011282,0.343557,0.229462,0.015336
speech_mode,Deep4Net,09,01,0.338562,0.338562,0.265059,0.007843,-679.445857,14,0.343557,0.011282,0.343557,0.229462,0.015336
speech_mode,Deep4Net,09,02,0.335948,0.335948,0.266727,0.003922,-943.319951,14,0.343557,0.011282,0.343557,0.229462,0.015336
speech_mode,Deep4Net,10,01,0.333333,0.333333,0.166667,0.0,-651.076324,14,0.343557,0.011282,0.343557,0.229462,0.015336
speech_mode,Deep4Net,11,01,0.369935,0.369935,0.290438,0.054902,-56985.129557,14,0.343557,0.011282,0.343557,0.229462,0.015336
speech_mode,Deep4Net,12,01,0.352941,0.352941,0.273419,0.029412,-647.216868,14,0.343557,0.011282,0.343557,0.229462,0.015336
speech_mode,Deep4Net,12,02,0.360784,0.360784,0.280368,0.041176,-654.93693,14,0.343557,0.011282,0.343557,0.229462,0.015336
speech_mode,Deep4Net,13,01,0.333333,0.333333,0.166667,0.0,-2213.510295,14,0.343557,0.011282,0.343557,0.229462,0.015336
speech_mode,Deep4Net,13,02,0.333333,0.333333,0.166667,0.0,-2183.682098,14,0.343557,0.011282,0.343557,0.229462,0.015336
speech_mode,Deep4Net,14,01,0.338562,0.338562,0.252309,0.007843,-47388.639323,14,0.343557,0.011282,0.343557,0.229462,0.015336
speech_mode,EEGConformer,01,01,0.333333,0.333333,0.166667,0.0,-1951097632.0,14,0.333333,0.0,0.333333,0.166667,0.0
speech_mode,EEGConformer,02,01,0.333333,0.333333,0.166667,0.0,-1958840234.666667,14,0.333333,0.0,0.333333,0.166667,0.0
speech_mode,EEGConformer,03,01,0.333333,0.333333,0.166667,0.0,-1955599776.0,14,0.333333,0.0,0.333333,0.166667,0.0
speech_mode,EEGConformer,04,01,0.333333,0.333333,0.166667,0.0,-1333787424.0,14,0.333333,0.0,0.333333,0.166667,0.0
speech_mode,EEGConformer,04,02,0.333333,0.333333,0.166667,0.0,-1333776224.0,14,0.333333,0.0,0.333333,0.166667,0.0
speech_mode,EEGConformer,05,01,0.333333,0.333333,0.166667,0.0,-1309979338.666667,14,0.333333,0.0,0.333333,0.166667,0.0
speech_mode,EEGConformer,05,02,0.333333,0.333333,0.166667,0.0,-1310058688.0,14,0.333333,0.0,0.333333,0.166667,0.0
speech_mode,EEGConformer,06,01,0.333333,0.333333,0.166667,0.0,-1952198293.333333,14,0.333333,0.0,0.333333,0.166667,0.0
speech_mode,EEGConformer,07,01,0.333333,0.333333,0.166667,0.0,-1914471274.666667,14,0.333333,0.0,0.333333,0.166667,0.0
speech_mode,EEGConformer,08,01,0.333333,0.333333,0.166667,0.0,-1920842634.666667,14,0.333333,0.0,0.333333,0.166667,0.0
speech_mode,EEGConformer,09,01,0.333333,0.333333,0.166667,0.0,-1373007168.0,14,0.333333,0.0,0.333333,0.166667,0.0
speech_mode,EEGConformer,09,02,0.333333,0.333333,0.166667,0.0,-1373118826.666667,14,0.333333,0.0,0.333333,0.166667,0.0
speech_mode,EEGConformer,10,01,0.333333,0.333333,0.166667,0.0,-1925041109.333333,14,0.333333,0.0,0.333333,0.166667,0.0
speech_mode,EEGConformer,11,01,0.333333,0.333333,0.166667,0.0,-1932050837.333333,14,0.333333,0.0,0.333333,0.166667,0.0
speech_mode,EEGConformer,12,01,0.333333,0.333333,0.166667,0.0,-1356654218.666667,14,0.333333,0.0,0.333333,0.166667,0.0
speech_mode,EEGConformer,12,02,0.333333,0.333333,0.166667,0.0,-1356659648.0,14,0.333333,0.0,0.333333,0.166667,0.0
speech_mode,EEGConformer,13,01,0.333333,0.333333,0.166667,0.0,-1354586293.333333,14,0.333333,0.0,0.333333,0.166667,0.0
speech_mode,EEGConformer,13,02,0.333333,0.333333,0.166667,0.0,-1354594954.666667,14,0.333333,0.0,0.333333,0.166667,0.0
speech_mode,EEGConformer,14,01,0.333333,0.333333,0.166667,0.0,-1980205728.0,14,0.333333,0.0,0.333333,0.166667,0.0
speech_mode,EEGMamba,01,01,0.681046,0.681046,0.671816,0.521569,0.727661,14,0.56578,0.078829,0.56578,0.55253,0.348669
speech_mode,EEGMamba,02,01,0.439216,0.439216,0.41471,0.158824,1.762726,14,0.56578,0.078829,0.56578,0.55253,0.348669
speech_mode,EEGMamba,03,01,0.501961,0.501961,0.462907,0.252941,1.49954,14,0.56578,0.078829,0.56578,0.55253,0.348669
speech_mode,EEGMamba,04,01,0.606536,0.606536,0.602866,0.409804,2.389786,14,0.56578,0.078829,0.56578,0.55253,0.348669
speech_mode,EEGMamba,04,02,0.603922,0.603922,0.603346,0.405882,1.748947,14,0.56578,0.078829,0.56578,0.55253,0.348669
speech_mode,EEGMamba,05,01,0.484967,0.484967,0.461227,0.227451,1.041401,14,0.56578,0.078829,0.56578,0.55253,0.348669
speech_mode,EEGMamba,05,02,0.647059,0.647059,0.648925,0.470588,0.74959,14,0.56578,0.078829,0.56578,0.55253,0.348669
speech_mode,EEGMamba,06,01,0.542484,0.542484,0.539094,0.313725,1.005639,14,0.56578,0.078829,0.56578,0.55253,0.348669
speech_mode,EEGMamba,07,01,0.424837,0.424837,0.363432,0.137255,2.757539,14,0.56578,0.078829,0.56578,0.55253,0.348669
speech_mode,EEGMamba,08,01,0.635294,0.635294,0.634529,0.452941,0.824983,14,0.56578,0.078829,0.56578,0.55253,0.348669
speech_mode,EEGMamba,09,01,0.505882,0.505882,0.503422,0.258824,2.496495,14,0.56578,0.078829,0.56578,0.55253,0.348669
speech_mode,EEGMamba,09,02,0.660131,0.660131,0.663916,0.490196,1.844276,14,0.56578,0.078829,0.56578,0.55253,0.348669
speech_mode,EEGMamba,10,01,0.669281,0.669281,0.668561,0.503922,1.20081,14,0.56578,0.078829,0.56578,0.55253,0.348669
speech_mode,EEGMamba,11,01,0.461438,0.461438,0.433765,0.192157,1.379299,14,0.56578,0.078829,0.56578,0.55253,0.348669
speech_mode,EEGMamba,12,01,0.498039,0.498039,0.49405,0.247059,1.67283,14,0.56578,0.078829,0.56578,0.55253,0.348669
speech_mode,EEGMamba,12,02,0.669281,0.669281,0.670427,0.503922,1.200907,14,0.56578,0.078829,0.56578,0.55253,0.348669
speech_mode,EEGMamba,13,01,0.65098,0.65098,0.648851,0.476471,0.985277,14,0.56578,0.078829,0.56578,0.55253,0.348669
speech_mode,EEGMamba,13,02,0.572549,0.572549,0.577076,0.358824,1.294171,14,0.56578,0.078829,0.56578,0.55253,0.348669
speech_mode,EEGMamba,14,01,0.615686,0.615686,0.60955,0.423529,0.948684,14,0.56578,0.078829,0.56578,0.55253,0.348669
speech_mode,EEGNetv4,01,01,0.691503,0.691503,0.68515,0.537255,0.718469,14,0.612979,0.080065,0.612979,0.606664,0.419468
speech_mode,EEGNetv4,02,01,0.482353,0.482353,0.483285,0.223529,1.236331,14,0.612979,0.080065,0.612979,0.606664,0.419468
speech_mode,EEGNetv4,03,01,0.538562,0.538562,0.527466,0.307843,0.947757,14,0.612979,0.080065,0.612979,0.606664,0.419468
speech_mode,EEGNetv4,04,01,0.534641,0.534641,0.532171,0.301961,1.061089,14,0.612979,0.080065,0.612979,0.606664,0.419468
speech_mode,EEGNetv4,04,02,0.648366,0.648366,0.644191,0.472549,0.824177,14,0.612979,0.080065,0.612979,0.606664,0.419468
speech_mode,EEGNetv4,05,01,0.648366,0.648366,0.64157,0.472549,0.71662,14,0.612979,0.080065,0.612979,0.606664,0.419468
speech_mode,EEGNetv4,05,02,0.677124,0.677124,0.656618,0.515686,0.716158,14,0.612979,0.080065,0.612979,0.606664,0.419468
speech_mode,EEGNetv4,06,01,0.550327,0.550327,0.551165,0.32549,0.988252,14,0.612979,0.080065,0.612979,0.606664,0.419468
speech_mode,EEGNetv4,07,01,0.51634,0.51634,0.463774,0.27451,1.117059,14,0.612979,0.080065,0.612979,0.606664,0.419468
speech_mode,EEGNetv4,08,01,0.698039,0.698039,0.696958,0.547059,0.683882,14,0.612979,0.080065,0.612979,0.606664,0.419468
speech_mode,EEGNetv4,09,01,0.541176,0.541176,0.541262,0.311765,0.999153,14,0.612979,0.080065,0.612979,0.606664,0.419468
speech_mode,EEGNetv4,09,02,0.718954,0.718954,0.720885,0.578431,0.726402,14,0.612979,0.080065,0.612979,0.606664,0.419468
speech_mode,EEGNetv4,10,01,0.722876,0.722876,0.722065,0.584314,0.698091,14,0.612979,0.080065,0.612979,0.606664,0.419468
speech_mode,EEGNetv4,11,01,0.49281,0.49281,0.500466,0.239216,1.034316,14,0.612979,0.080065,0.612979,0.606664,0.419468
speech_mode,EEGNetv4,12,01,0.619608,0.619608,0.614793,0.429412,0.879023,14,0.612979,0.080065,0.612979,0.606664,0.419468
speech_mode,EEGNetv4,12,02,0.681046,0.681046,0.67564,0.521569,0.754334,14,0.612979,0.080065,0.612979,0.606664,0.419468
speech_mode,EEGNetv4,13,01,0.72549,0.72549,0.726572,0.588235,0.629032,14,0.612979,0.080065,0.612979,0.606664,0.419468
speech_mode,EEGNetv4,13,02,0.675817,0.675817,0.682076,0.513725,0.742993,14,0.612979,0.080065,0.612979,0.606664,0.419468
speech_mode,EEGNetv4,14,01,0.653595,0.653595,0.645082,0.480392,0.744061,14,0.612979,0.080065,0.612979,0.606664,0.419468
speech_mode,LaBraM,01,01,0.687582,0.687582,0.678351,0.531373,0.717797,14,0.573296,0.072921,0.573296,0.562224,0.359944
speech_mode,LaBraM,02,01,0.440523,0.440523,0.433221,0.160784,1.591589,14,0.573296,0.072921,0.573296,0.562224,0.359944
speech_mode,LaBraM,03,01,0.526797,0.526797,0.508103,0.290196,2.063798,14,0.573296,0.072921,0.573296,0.562224,0.359944
speech_mode,LaBraM,04,01,0.64183,0.64183,0.64093,0.462745,0.895896,14,0.573296,0.072921,0.573296,0.562224,0.359944
speech_mode,LaBraM,04,02,0.620915,0.620915,0.619273,0.431373,0.904131,14,0.573296,0.072921,0.573296,0.562224,0.359944
speech_mode,LaBraM,05,01,0.6,0.6,0.571657,0.4,0.897584,14,0.573296,0.072921,0.573296,0.562224,0.359944
speech_mode,LaBraM,05,02,0.746405,0.746405,0.735551,0.619608,0.66112,14,0.573296,0.072921,0.573296,0.562224,0.359944
speech_mode,LaBraM,06,01,0.550327,0.550327,0.552022,0.32549,0.973055,14,0.573296,0.072921,0.573296,0.562224,0.359944
speech_mode,LaBraM,07,01,0.460131,0.460131,0.404941,0.190196,1.175778,14,0.573296,0.072921,0.573296,0.562224,0.359944
speech_mode,LaBraM,08,01,0.607843,0.607843,0.605055,0.411765,0.857843,14,0.573296,0.072921,0.573296,0.562224,0.359944
speech_mode,LaBraM,09,01,0.482353,0.482353,0.463305,0.223529,1.04307,14,0.573296,0.072921,0.573296,0.562224,0.359944
speech_mode,LaBraM,09,02,0.643137,0.643137,0.642796,0.464706,0.791743,14,0.573296,0.072921,0.573296,0.562224,0.359944
speech_mode,LaBraM,10,01,0.601307,0.601307,0.595115,0.401961,0.851029,14,0.573296,0.072921,0.573296,0.562224,0.359944
speech_mode,LaBraM,11,01,0.473203,0.473203,0.453933,0.209804,1.123565,14,0.573296,0.072921,0.573296,0.562224,0.359944
speech_mode,LaBraM,12,01,0.566013,0.566013,0.562999,0.34902,0.998728,14,0.573296,0.072921,0.573296,0.562224,0.359944
speech_mode,LaBraM,12,02,0.643137,0.643137,0.643343,0.464706,0.838426,14,0.573296,0.072921,0.573296,0.562224,0.359944
speech_mode,LaBraM,13,01,0.636601,0.636601,0.636797,0.454902,0.800197,14,0.573296,0.072921,0.573296,0.562224,0.359944
speech_mode,LaBraM,13,02,0.576471,0.576471,0.578133,0.364706,0.943426,14,0.573296,0.072921,0.573296,0.562224,0.359944
speech_mode,LaBraM,14,01,0.6,0.6,0.593004,0.4,0.882468,14,0.573296,0.072921,0.573296,0.562224,0.359944
speech_mode,ShallowFBCSPNet,01,01,0.333333,0.333333,0.166667,0.0,-1935.205465,14,0.338562,0.009147,0.338562,0.207455,0.007843
speech_mode,ShallowFBCSPNet,02,01,0.333333,0.333333,0.166667,0.0,-930.180044,14,0.338562,0.009147,0.338562,0.207455,0.007843
speech_mode,ShallowFBCSPNet,03,01,0.333333,0.333333,0.16683,-0.0,-862.929616,14,0.338562,0.009147,0.338562,0.207455,0.007843
speech_mode,ShallowFBCSPNet,04,01,0.369935,0.369935,0.320968,0.054902,-1364.411209,14,0.338562,0.009147,0.338562,0.207455,0.007843
speech_mode,ShallowFBCSPNet,04,02,0.296732,0.296732,0.272602,-0.054902,-864.15211,14,0.338562,0.009147,0.338562,0.207455,0.007843
speech_mode,ShallowFBCSPNet,05,01,0.375163,0.375163,0.363239,0.062745,-672.663635,14,0.338562,0.009147,0.338562,0.207455,0.007843
speech_mode,ShallowFBCSPNet,05,02,0.352941,0.352941,0.304213,0.029412,-1041.738642,14,0.338562,0.009147,0.338562,0.207455,0.007843
speech_mode,ShallowFBCSPNet,06,01,0.335948,0.335948,0.297172,0.003922,-136.286152,14,0.338562,0.009147,0.338562,0.207455,0.007843
speech_mode,ShallowFBCSPNet,07,01,0.333333,0.333333,0.166667,0.0,-698.232279,14,0.338562,0.009147,0.338562,0.207455,0.007843
speech_mode,ShallowFBCSPNet,08,01,0.333333,0.333333,0.166667,0.0,-2582.492289,14,0.338562,0.009147,0.338562,0.207455,0.007843
speech_mode,ShallowFBCSPNet,09,01,0.354248,0.354248,0.300374,0.031373,-92.064877,14,0.338562,0.009147,0.338562,0.207455,0.007843
speech_mode,ShallowFBCSPNet,09,02,0.333333,0.333333,0.16683,0.0,-600.141469,14,0.338562,0.009147,0.338562,0.207455,0.007843
speech_mode,ShallowFBCSPNet,10,01,0.333333,0.333333,0.168933,0.0,-805.549642,14,0.338562,0.009147,0.338562,0.207455,0.007843
speech_mode,ShallowFBCSPNet,11,01,0.333333,0.333333,0.166667,0.0,-724.971227,14,0.338562,0.009147,0.338562,0.207455,0.007843
speech_mode,ShallowFBCSPNet,12,01,0.334641,0.334641,0.170082,0.001961,-679.354553,14,0.338562,0.009147,0.338562,0.207455,0.007843
speech_mode,ShallowFBCSPNet,12,02,0.350327,0.350327,0.20529,0.02549,-669.407415,14,0.338562,0.009147,0.338562,0.207455,0.007843
speech_mode,ShallowFBCSPNet,13,01,0.371242,0.371242,0.264224,0.056863,-684.218028,14,0.338562,0.009147,0.338562,0.207455,0.007843
speech_mode,ShallowFBCSPNet,13,02,0.335948,0.335948,0.175047,0.003922,-690.349365,14,0.338562,0.009147,0.338562,0.207455,0.007843
speech_mode,ShallowFBCSPNet,14,01,0.333333,0.333333,0.166667,0.0,-2281.136678,14,0.338562,0.009147,0.338562,0.207455,0.007843
word,Deep4Net,01,01,0.016667,0.016667,0.000551,0.0,-129.022463,14,0.020437,0.003212,0.020437,0.002058,0.003834
word,Deep4Net,02,01,0.025,0.025,0.001817,0.008475,-1269.825867,14,0.020437,0.003212,0.020437,0.002058,0.003834
word,Deep4Net,03,01,0.022222,0.022222,0.004587,0.00565,-256.008392,14,0.020437,0.003212,0.020437,0.002058,0.003834
word,Deep4Net,04,01,0.016667,0.016667,0.0023,0.0,-3945.372884,14,0.020437,0.003212,0.020437,0.002058,0.003834
word,Deep4Net,04,02,0.025,0.025,0.003252,0.008475,-3638.187744,14,0.020437,0.003212,0.020437,0.002058,0.003834
word,Deep4Net,05,01,0.016667,0.016667,0.000549,0.0,-150.960106,14,0.020437,0.003212,0.020437,0.002058,0.003834
word,Deep4Net,05,02,0.016667,0.016667,0.000557,0.0,-206.894038,14,0.020437,0.003212,0.020437,0.002058,0.003834
word,Deep4Net,06,01,0.019444,0.019444,0.003943,0.002825,-474.372894,14,0.020437,0.003212,0.020437,0.002058,0.003834
word,Deep4Net,07,01,0.019444,0.019444,0.002092,0.002825,-9747.932617,14,0.020437,0.003212,0.020437,0.002058,0.003834
word,Deep4Net,08,01,0.022222,0.022222,0.001603,0.00565,-1115.263367,14,0.020437,0.003212,0.020437,0.002058,0.003834
word,Deep4Net,09,01,0.025,0.025,0.003436,0.008475,-844.645782,14,0.020437,0.003212,0.020437,0.002058,0.003834
word,Deep4Net,09,02,0.016667,0.016667,0.001715,0.0,-871.928701,14,0.020437,0.003212,0.020437,0.002058,0.003834
word,Deep4Net,10,01,0.019444,0.019444,0.0014,0.002825,-199.653308,14,0.020437,0.003212,0.020437,0.002058,0.003834
word,Deep4Net,11,01,0.022222,0.022222,0.00145,0.00565,-6972.745931,14,0.020437,0.003212,0.020437,0.002058,0.003834
word,Deep4Net,12,01,0.016667,0.016667,0.000593,0.0,-360.19165,14,0.020437,0.003212,0.020437,0.002058,0.003834
word,Deep4Net,12,02,0.016667,0.016667,0.00061,0.0,-358.874115,14,0.020437,0.003212,0.020437,0.002058,0.003834
word,Deep4Net,13,01,0.016667,0.016667,0.000548,0.0,-148.699402,14,0.020437,0.003212,0.020437,0.002058,0.003834
word,Deep4Net,13,02,0.016667,0.016667,0.000549,0.0,-148.637629,14,0.020437,0.003212,0.020437,0.002058,0.003834
word,Deep4Net,14,01,0.027778,0.027778,0.004318,0.011299,-1648.636719,14,0.020437,0.003212,0.020437,0.002058,0.003834
word,EEGConformer,01,01,0.016667,0.016667,0.000546,0.0,-3627135.208333,14,0.016667,0.0,0.016667,0.000546,0.0
word,EEGConformer,02,01,0.016667,0.016667,0.000546,0.0,-3573448.708333,14,0.016667,0.0,0.016667,0.000546,0.0
word,EEGConformer,03,01,0.016667,0.016667,0.000546,0.0,-3840144.041667,14,0.016667,0.0,0.016667,0.000546,0.0
word,EEGConformer,04,01,0.016667,0.016667,0.000546,0.0,-2168444.375,14,0.016667,0.0,0.016667,0.000546,0.0
word,EEGConformer,04,02,0.016667,0.016667,0.000546,0.0,-2158720.270833,14,0.016667,0.0,0.016667,0.000546,0.0
word,EEGConformer,05,01,0.016667,0.016667,0.000546,0.0,-2143816.020833,14,0.016667,0.0,0.016667,0.000546,0.0
word,EEGConformer,05,02,0.016667,0.016667,0.000546,0.0,-2139684.25,14,0.016667,0.0,0.016667,0.000546,0.0
word,EEGConformer,06,01,0.016667,0.016667,0.000546,0.0,-4059470.5,14,0.016667,0.0,0.016667,0.000546,0.0
word,EEGConformer,07,01,0.016667,0.016667,0.000546,0.0,-4010382.583333,14,0.016667,0.0,0.016667,0.000546,0.0
word,EEGConformer,08,01,0.016667,0.016667,0.000546,0.0,-4067931.375,14,0.016667,0.0,0.016667,0.000546,0.0
word,EEGConformer,09,01,0.016667,0.016667,0.000546,0.0,-2252745.125,14,0.016667,0.0,0.016667,0.000546,0.0
word,EEGConformer,09,02,0.016667,0.016667,0.000546,0.0,-2262183.625,14,0.016667,0.0,0.016667,0.000546,0.0
word,EEGConformer,10,01,0.016667,0.016667,0.000546,0.0,-3989062.208333,14,0.016667,0.0,0.016667,0.000546,0.0
word,EEGConformer,11,01,0.016667,0.016667,0.000546,0.0,-3952183.541667,14,0.016667,0.0,0.016667,0.000546,0.0
word,EEGConformer,12,01,0.016667,0.016667,0.000546,0.0,-2399139.583333,14,0.016667,0.0,0.016667,0.000546,0.0
word,EEGConformer,12,02,0.016667,0.016667,0.000546,0.0,-2393774.708333,14,0.016667,0.0,0.016667,0.000546,0.0
word,EEGConformer,13,01,0.016667,0.016667,0.000546,0.0,-2318467.125,14,0.016667,0.0,0.016667,0.000546,0.0
word,EEGConformer,13,02,0.016667,0.016667,0.000546,0.0,-2330443.625,14,0.016667,0.0,0.016667,0.000546,0.0
word,EEGConformer,14,01,0.016667,0.016667,0.000546,0.0,-3950266.666667,14,0.016667,0.0,0.016667,0.000546,0.0
word,EEGMamba,01,01,0.033333,0.033333,0.03052,0.016949,4.442968,14,0.028571,0.006778,0.028571,0.023421,0.012107
word,EEGMamba,02,01,0.033333,0.033333,0.029085,0.016949,6.871312,14,0.028571,0.006778,0.028571,0.023421,0.012107
word,EEGMamba,03,01,0.022222,0.022222,0.01677,0.00565,4.307279,14,0.028571,0.006778,0.028571,0.023421,0.012107
word,EEGMamba,04,01,0.019444,0.019444,0.017237,0.002825,8.213744,14,0.028571,0.006778,0.028571,0.023421,0.012107
word,EEGMamba,04,02,0.025,0.025,0.024349,0.008475,7.027664,14,0.028571,0.006778,0.028571,0.023421,0.012107
word,EEGMamba,05,01,0.030556,0.030556,0.024185,0.014124,8.885595,14,0.028571,0.006778,0.028571,0.023421,0.012107
word,EEGMamba,05,02,0.033333,0.033333,0.028949,0.016949,9.747622,14,0.028571,0.006778,0.028571,0.023421,0.012107
word,EEGMamba,06,01,0.025,0.025,0.01123,0.008475,4.227173,14,0.028571,0.006778,0.028571,0.023421,0.012107
word,EEGMamba,07,01,0.025,0.025,0.022151,0.008475,7.840768,14,0.028571,0.006778,0.028571,0.023421,0.012107
word,EEGMamba,08,01,0.019444,0.019444,0.016422,0.002825,5.455515,14,0.028571,0.006778,0.028571,0.023421,0.012107
word,EEGMamba,09,01,0.025,0.025,0.001797,0.008475,4.124637,14,0.028571,0.006778,0.028571,0.023421,0.012107
word,EEGMamba,09,02,0.022222,0.022222,0.003554,0.00565,4.146044,14,0.028571,0.006778,0.028571,0.023421,0.012107
word,EEGMamba,10,01,0.030556,0.030556,0.032322,0.014124,7.390002,14,0.028571,0.006778,0.028571,0.023421,0.012107
word,EEGMamba,11,01,0.030556,0.030556,0.026827,0.014124,11.632838,14,0.028571,0.006778,0.028571,0.023421,0.012107
word,EEGMamba,12,01,0.011111,0.011111,0.009203,-0.00565,11.141493,14,0.028571,0.006778,0.028571,0.023421,0.012107
word,EEGMamba,12,02,0.038889,0.038889,0.035702,0.022599,10.307437,14,0.028571,0.006778,0.028571,0.023421,0.012107
word,EEGMamba,13,01,0.036111,0.036111,0.029669,0.019774,11.384866,14,0.028571,0.006778,0.028571,0.023421,0.012107
word,EEGMamba,13,02,0.025,0.025,0.02355,0.008475,12.69382,14,0.028571,0.006778,0.028571,0.023421,0.012107
word,EEGMamba,14,01,0.047222,0.047222,0.043477,0.031073,12.684384,14,0.028571,0.006778,0.028571,0.023421,0.012107
word,EEGNetv4,01,01,0.036111,0.036111,0.024142,0.019774,4.108428,14,0.027976,0.005324,0.027976,0.018535,0.011501
word,EEGNetv4,02,01,0.025,0.025,0.009605,0.008475,4.096435,14,0.027976,0.005324,0.027976,0.018535,0.011501
word,EEGNetv4,03,01,0.025,0.025,0.012991,0.008475,4.094887,14,0.027976,0.005324,0.027976,0.018535,0.011501
word,EEGNetv4,04,01,0.019444,0.019444,0.019339,0.002825,4.150563,14,0.027976,0.005324,0.027976,0.018535,0.011501
word,EEGNetv4,04,02,0.019444,0.019444,0.011594,0.002825,4.184319,14,0.027976,0.005324,0.027976,0.018535,0.011501
word,EEGNetv4,05,01,0.033333,0.033333,0.028634,0.016949,4.103205,14,0.027976,0.005324,0.027976,0.018535,0.011501
word,EEGNetv4,05,02,0.030556,0.030556,0.024758,0.014124,4.116974,14,0.027976,0.005324,0.027976,0.018535,0.011501
word,EEGNetv4,06,01,0.030556,0.030556,0.016068,0.014124,4.098994,14,0.027976,0.005324,0.027976,0.018535,0.011501
word,EEGNetv4,07,01,0.025,0.025,0.006137,0.008475,4.093343,14,0.027976,0.005324,0.027976,0.018535,0.011501
word,EEGNetv4,08,01,0.027778,0.027778,0.017781,0.011299,4.093235,14,0.027976,0.005324,0.027976,0.018535,0.011501
word,EEGNetv4,09,01,0.013889,0.013889,0.011164,-0.002825,4.096104,14,0.027976,0.005324,0.027976,0.018535,0.011501
word,EEGNetv4,09,02,0.030556,0.030556,0.012748,0.014124,4.093227,14,0.027976,0.005324,0.027976,0.018535,0.011501
word,EEGNetv4,10,01,0.019444,0.019444,0.017746,0.002825,4.162471,14,0.027976,0.005324,0.027976,0.018535,0.011501
word,EEGNetv4,11,01,0.030556,0.030556,0.024969,0.014124,4.10799,14,0.027976,0.005324,0.027976,0.018535,0.011501
word,EEGNetv4,12,01,0.033333,0.033333,0.032649,0.016949,4.45369,14,0.027976,0.005324,0.027976,0.018535,0.011501
word,EEGNetv4,12,02,0.038889,0.038889,0.035494,0.022599,4.381317,14,0.027976,0.005324,0.027976,0.018535,0.011501
word,EEGNetv4,13,01,0.038889,0.038889,0.019635,0.022599,4.09303,14,0.027976,0.005324,0.027976,0.018535,0.011501
word,EEGNetv4,13,02,0.019444,0.019444,0.011256,0.002825,4.09457,14,0.027976,0.005324,0.027976,0.018535,0.011501
word,EEGNetv4,14,01,0.033333,0.033333,0.026414,0.016949,4.098205,14,0.027976,0.005324,0.027976,0.018535,0.011501
word,LaBraM,01,01,0.016667,0.016667,0.000546,0.0,4.100942,14,0.019246,0.003555,0.019246,0.001457,0.002623
word,LaBraM,02,01,0.027778,0.027778,0.005172,0.011299,4.093928,14,0.019246,0.003555,0.019246,0.001457,0.002623
word,LaBraM,03,01,0.016667,0.016667,0.000546,0.0,4.099187,14,0.019246,0.003555,0.019246,0.001457,0.002623
word,LaBraM,04,01,0.016667,0.016667,0.000546,0.0,4.096382,14,0.019246,0.003555,0.019246,0.001457,0.002623
word,LaBraM,04,02,0.016667,0.016667,0.000546,0.0,4.09671,14,0.019246,0.003555,0.019246,0.001457,0.002623
word,LaBraM,05,01,0.016667,0.016667,0.000546,0.0,4.097469,14,0.019246,0.003555,0.019246,0.001457,0.002623
word,LaBraM,05,02,0.016667,0.016667,0.000546,0.0,4.097175,14,0.019246,0.003555,0.019246,0.001457,0.002623
word,LaBraM,06,01,0.025,0.025,0.002933,0.008475,4.094586,14,0.019246,0.003555,0.019246,0.001457,0.002623
word,LaBraM,07,01,0.016667,0.016667,0.000546,0.0,4.097977,14,0.019246,0.003555,0.019246,0.001457,0.002623
word,LaBraM,08,01,0.022222,0.022222,0.00198,0.00565,4.0943,14,0.019246,0.003555,0.019246,0.001457,0.002623
word,LaBraM,09,01,0.016667,0.016667,0.000546,0.0,4.096322,14,0.019246,0.003555,0.019246,0.001457,0.002623
word,LaBraM,09,02,0.016667,0.016667,0.000546,0.0,4.095936,14,0.019246,0.003555,0.019246,0.001457,0.002623
word,LaBraM,10,01,0.016667,0.016667,0.000546,0.0,4.096832,14,0.019246,0.003555,0.019246,0.001457,0.002623
word,LaBraM,11,01,0.022222,0.022222,0.001664,0.00565,4.095246,14,0.019246,0.003555,0.019246,0.001457,0.002623
word,LaBraM,12,01,0.019444,0.019444,0.001143,0.002825,4.094639,14,0.019246,0.003555,0.019246,0.001457,0.002623
word,LaBraM,12,02,0.019444,0.019444,0.001521,0.002825,4.094619,14,0.019246,0.003555,0.019246,0.001457,0.002623
word,LaBraM,13,01,0.016667,0.016667,0.000546,0.0,4.096665,14,0.019246,0.003555,0.019246,0.001457,0.002623
word,LaBraM,13,02,0.016667,0.016667,0.000546,0.0,4.097832,14,0.019246,0.003555,0.019246,0.001457,0.002623
word,LaBraM,14,01,0.019444,0.019444,0.002946,0.002825,4.095718,14,0.019246,0.003555,0.019246,0.001457,0.002623
word,ShallowFBCSPNet,01,01,0.022222,0.022222,0.00245,0.00565,-420.136164,14,0.020833,0.002827,0.020833,0.003682,0.004237
word,ShallowFBCSPNet,02,01,0.022222,0.022222,0.011558,0.00565,10.179131,14,0.020833,0.002827,0.020833,0.003682,0.004237
word,ShallowFBCSPNet,03,01,0.019444,0.019444,0.001772,0.002825,-690.366638,14,0.020833,0.002827,0.020833,0.003682,0.004237
word,ShallowFBCSPNet,04,01,0.013889,0.013889,0.002459,-0.002825,-343.640826,14,0.020833,0.002827,0.020833,0.003682,0.004237
word,ShallowFBCSPNet,04,02,0.022222,0.022222,0.00354,0.00565,-152.288815,14,0.020833,0.002827,0.020833,0.003682,0.004237
word,ShallowFBCSPNet,05,01,0.019444,0.019444,0.001685,0.002825,-859.628784,14,0.020833,0.002827,0.020833,0.003682,0.004237
word,ShallowFBCSPNet,05,02,0.022222,0.022222,0.002449,0.00565,-1065.206431,14,0.020833,0.002827,0.020833,0.003682,0.004237
word,ShallowFBCSPNet,06,01,0.025,0.025,0.01184,0.008475,-60.857297,14,0.020833,0.002827,0.020833,0.003682,0.004237
word,ShallowFBCSPNet,07,01,0.027778,0.027778,0.006508,0.011299,-242.846611,14,0.020833,0.002827,0.020833,0.003682,0.004237
word,ShallowFBCSPNet,08,01,0.022222,0.022222,0.001483,0.00565,-752.552266,14,0.020833,0.002827,0.020833,0.003682,0.004237
word,ShallowFBCSPNet,09,01,0.022222,0.022222,0.007675,0.00565,4.370471,14,0.020833,0.002827,0.020833,0.003682,0.004237
word,ShallowFBCSPNet,09,02,0.016667,0.016667,0.000554,0.0,-131.01798,14,0.020833,0.002827,0.020833,0.003682,0.004237
word,ShallowFBCSPNet,10,01,0.019444,0.019444,0.001166,0.002825,-146.457832,14,0.020833,0.002827,0.020833,0.003682,0.004237
word,ShallowFBCSPNet,11,01,0.016667,0.016667,0.000546,0.0,-133.274184,14,0.020833,0.002827,0.020833,0.003682,0.004237
word,ShallowFBCSPNet,12,01,0.019444,0.019444,0.001275,0.002825,-1001.247142,14,0.020833,0.002827,0.020833,0.003682,0.004237
word,ShallowFBCSPNet,12,02,0.022222,0.022222,0.004419,0.00565,-936.992483,14,0.020833,0.002827,0.020833,0.003682,0.004237
word,ShallowFBCSPNet,13,01,0.016667,0.016667,0.000755,0.0,-606.177663,14,0.020833,0.002827,0.020833,0.003682,0.004237
word,ShallowFBCSPNet,13,02,0.019444,0.019444,0.001193,0.002825,-615.16036,14,0.020833,0.002827,0.020833,0.003682,0.004237
word,ShallowFBCSPNet,14,01,0.019444,0.019444,0.001217,0.002825,-117.312934,14,0.020833,0.002827,0.020833,0.003682,0.004237
